[
  {
    "id": "EOX-E2-Electric-Scooter",
    "name": "EOX E2 Electric Scooter for Adults.",
    "price": 51498,
    "description": "Non RTO EV Bike with 60-80Km Range, Waterproof Motor, 32AH 60V Graphene Battery, Tubeless Tyre, Reverse Mode (Red)",
    "images": [
      "https://m.media-amazon.com/images/I/51p2MaI7tXL._SL1200_.jpg",
      "https://m.media-amazon.com/images/I/51aL7o+Wv5L._SL1200_.jpg",
      "https://m.media-amazon.com/images/I/51AZtsdq8EL._SL1200_.jpg",
      "https://m.media-amazon.com/images/I/61c+4FHTP8L._SL1000_.jpg",
      "https://m.media-amazon.com/images/I/51RaAxxEJzL._SL1000_.jpg",
      "https://m.media-amazon.com/images/I/61euEvP0MYL._SL1080_.jpg"
    ],
    "video": "https://m.media-amazon.com/images/S/vse-vms-transcoding-artifact-eu-west-1-prod/a28c4bcd-116d-42ff-a667-baa1ff5c602f/default.jobtemplate.hls.m3u8",
    "features": [
      "Long-lasting Battery: The 32AH 60V Lead Acid Battery offers a runtime of 60 to 80 km on a single charge, with a quick charging time of 3-4 hours using the provided charger.",
      "Safety First: This Non-RTO Scooter has a Front Disc Brake, Anti-Theft Lock System, and can be locked and unlocked with the Remote Key, ensuring a safe and secure ride for the user.",
      "Riding Modes: It offers 3 Riding Modes: Eco, Sport, and High to suit your requirements, with a top speed of 25 km/hr. The Reverse Mode makes it perfect for moving in traffic.",
      "Feature Loaded: This scooter boasts a modern and sleek design, with a Mobile Charging USB Port, Waterproof BLDC Motor, Front DLR lamps, and a high-resolution display.",
      "Comfortable Ride: With a seat height of 755MM and 10-inch tubeless tyres, EOX electric scooter is designed for a smooth ride, supporting a maximum weight of 160 kg."
    ],
    "amazonLink": "https://amzn.to/4gdXJLG",
    "category": "automotive"
  },
  {
    "id": "OnePlus-Nord-CE4",
    "name": "OnePlus Nord CE4 (Dark Chrome,\" 8GB RAM, 128GB Storage)",
    "price": 21999,
    "description": "Kindle Paperwhite – Now with a 6.8\" display and thinner borders, adjustable warm light, up to 10 weeks of battery life, and 20% faster page turns.",
    "images": [
      "https://m.media-amazon.com/images/I/61g1pqSjAhL._SL1500_.jpg",
      "https://m.media-amazon.com/images/I/61tRqUl4hyL._SL1500_.jpg",
      "https://m.media-amazon.com/images/I/51c0FSRyA7L._SL1500_.jpg",
      "https://m.media-amazon.com/images/I/51BWdKswXFL._SL1500_.jpg",
      "https://m.media-amazon.com/images/I/51TQf+x0tcL._SL1500_.jpg",
      "https://m.media-amazon.com/images/I/71rooC1PHHL._SL1200_.jpg"
    ],
    "video": "https://m.media-amazon.com/images/S/vse-vms-transcoding-artifact-eu-west-1-prod/812fe0c4-b0a9-402e-9e14-a5c356c90288/default.jobtemplate.hls.m3u8",
    "features": [
      "Brand : Oneplus - Operating System: OxygenOS - RAM Memory Installed Size: 8 GB - CPU Model: Snapdragon - CPU Speed:  2.63 GHz.",
      "Processor: The Qualcomm Snapdragon 7 Gen 3 chipset not only gives your Nord CE4 silly levels of OnePlus Fast and Smooth performance, but it also guards your battery life and maximizes power efficiency. What's more? You get to experience blazing download speeds up to 5Gbps deliver unceasing mobile gaming, work-from-anywhere productivity, and more",
      "Design: OnePlus Nord CE4 comes in 2 colorways - Celadon Marble, a first for Nord and Dark Chrome, our signature variant. Oh, and it's mega-durable… This phone's bezel material is so tough, it's thinking of taking up cage fighting. Seriously, we dropped it 1.5 meters onto marble, and it survived2. That's tough as nails!",
      "Battery & Charging: The most powerful fast charging in Nord history, with 100W SuperVOOC charging and 5500mAh Battery. Handle your low battery woes like a boss with 100W SUPERVOOC fast charging that boosts your phone to 100% power in 30 minutes. Smart Charging 4.0 learns your usage habits to optimize charging and prevent overheating and battery aging. After 10mins charging (from 1%), you get to enjoy · 7.3hrs of video watching (app:YouTube) · 19.7hrs of music listening (app:Spotify) · 10.9hrs of voice calling (app: WhatsApp) · 6.7hrs of social media browsing (app:Instagram) · 3.9hrs of gaming (app:Battlegrounds India)",
      "RAM & ROM: No one likes a slow phone, so OnePlus Nord CE4 comes with 8GB of RAM and up to 8GB of virtual RAM expansion to keep your app switching and loading slick and speedy. Plus, you get lots of space for saving evidence of your adventures, with up to 256GB of storage (ROM) and a second SIM card slot that supports microSD cards for expandable storage up to 1TB!",
      "Camera: SONY LYT-600 (IMX882) 50MP camera sensor with OIS ensures that you get more stable and clearer pictures, no matter off road or uneven terrains, capture moving subjects and your unshakeable spirit. Further, with flagship-level RAW HDR algorithm, OnePlus Nord CE4 has better photography performance when taking portraits in sunny day."
    ],
    "amazonLink": "https://amzn.to/4jLHBnV",
    "category": "smartphones"
  },
  {
    "id": "Samsung-214-8K-Ultra-HD-Smart-Neo-QLED-TV",
    "name": "Samsung 214 cm 8K Ultra HD Smart Neo QLED TV (Titan Black)",
    "price": 1049990,
    "description": "Samsung 214 cm (85 inches) 8K Ultra HD Smart Neo QLED TV QA85QN900CKXXL (Titan Black)",
    "images": [
      "https://m.media-amazon.com/images/I/91RnDCyguML._SL1500_.jpg",
      "https://m.media-amazon.com/images/I/91cC2Xh-OQL._SL1500_.jpg",
      "https://m.media-amazon.com/images/I/91dMtRV7AOL._SL1500_.jpg",
      "https://m.media-amazon.com/images/I/81ARKXR2CmL._SL1500_.jpg",
      "https://m.media-amazon.com/images/I/61P5ue2TNGL._SL1500_.jpg",
      "https://m.media-amazon.com/images/I/810nC+f1hhL._SL1500_.jpg",
      "https://m.media-amazon.com/images/I/81NNFCfpwzL._SL1500_.jpg",
      "https://m.media-amazon.com/images/I/81sjEug0tuL._SL1500_.jpg",
      "https://m.media-amazon.com/images/I/71i7L0iRRKL._SL1500_.jpg"
    ],
    "video": "https://m.media-amazon.com/images/S/vse-vms-transcoding-artifact-eu-west-1-prod/e411556f-d2e1-4910-b097-1d19662e3cd1/default.jobtemplate.hls.m3u8",
    "features": [
      "Screen Size: 85 Inches - Brand: Samsung - Display Technology: Neo QLED - Resolution: 8K - Refresh Rate: 100 Hz - Special Feature: Smart TV Features : Built-in Voice Assistant, Far-Field Voice Interaction | Supported apps: Netflix, Prime Video, YouTube, etc., Screen mirroring, Universal Guide, Media Home, Tap View, Mobile Camera Support, Music Wall, AI Speaker, Easy Setup, App Casting, Wireless DeX, SmartThings, Smart Hub, IoT Sensor, Web Browser",
      "Resolution : QLED | 8K Ultra HD (7680 x 4320) | |Refresh Rate : 100 Hertz",
      "Connectivity : 4 HDMI ports to connect set top box or gaming console | 3 USB ports to connect hard drives or other USB devices | Ethernet | Wi-fi | Bluetooth",
      "Sound: 90W Output- 6.2.4CH | Powerful Speakers with Dolby Atmos | Q-Symphony | Woofer | Active Voice Amplifier | OTS Pro | Adaptive Sound Pro | Dual Audio Support (Bluetooth) | Buds Auto Switch",
      "Smart TV Features : Built-in Voice Assistant | Far-Field Voice Interaction | Supported apps: Netflix, Prime Video, YouTube, etc. |Screen mirroring |Universal Guide |Media Home | Tap View | Mobile Camera Support | Music Wall |AI Speaker |Easy Setup | App Casting | Wireless DeX | SmartThings | Smart Hub | IoT Sensor |Web Browser",
      "Display : 8K Ultra HD Smart Neo QLED Panel | Neural Quantum Processor 8K | 100% Colour Volume with Quantum Dot | Neo Quantum HDR 8K Pro | Quantum Matrix Technology Pro | Ultra Viewing Angle | Ultimate 8K Dimming Pro | Bezel less design | AI Upscale | Auto HDR Remastering | Motion Xcelerator Turbo+ | Real Depth Enhancer Pro | Filmmaker Mode",
      "Warranty Information: 2 year comprehensive warranty on product (1 year standard warranty and 1 years extended warranty provided by the brand from the date of purchase)"
    ],
    "amazonLink": "https://amzn.to/4h9NeKM",
    "category": "electronics"
  },
  {
    "id": "OrganizeMee-Stainless-Steel-Chopping-Cutting-Metal-Board",
    "name": "OrganizeMee Stainless Steel Chopping Cutting Metal Board",
    "price": 757,
    "description": "OrganizeMee Stainless Steel Chopping Cutting Metal Board Fruit Board for Kitchen, Chopping Board for Vegetables Breads and Meats Boards, Heavy Duty Safe Durable (Size 31CM DIameterX1.5mm Thick)",
    "images": [
      "https://m.media-amazon.com/images/I/71mg6w9YSwL._SL1000_.jpg",
      "https://m.media-amazon.com/images/I/616f7AJPW9L._SL1200_.jpg",
      "https://m.media-amazon.com/images/I/610u6v23kJL._SL1000_.jpg",
      "https://m.media-amazon.com/images/I/61jx8SrS+6L._SL1000_.jpg",
      "https://m.media-amazon.com/images/I/61f1ZeK23JL._SL1000_.jpg",
      "https://m.media-amazon.com/images/I/61gRDyVHPAL._SL1000_.jpg"
    ],
    "video": "https://m.media-amazon.com/images/S/vse-vms-transcoding-artifact-eu-west-1-prod/fb846202-205d-48ea-8c88-3e64d2cc495d/default.jobtemplate.hls.m3u8",
    "features": [
      "Brand: OrganizeMee - Colour: SILVER - Product Dimensions: 31L x 31W x 1Th Centimeters - Material: Stainless Steel - Components Mats Item Weight: 0.4 Kilograms - Special Feature: Dishwasher Safe",
      "Package Content: 1 Chopping cutting metal board. Non-porous surface won't harbor bacteria. Steel boards last till generations, you don't need to replace like other wooden & plastic board ",
      "TIRED OF REPLACING MOULDY WOOD & SMELLY PLASTIC BOARDS? Our super-soft on knife stainless steel board is built to last! It handles tough cuts like a champ, leaving you with smooth, confident chopping every time. Plus, it stays clean & hygienic, so your food stays **safe & yummy! **",
      "SUPER FAST CLEANING This board wipes clean in seconds, leaving you more time to savour the delicious results. And with its generous size, you'll have plenty of space for chopping, slicing, and even kneading dough, Effortless Cleanup, Endless Potential: Spills? Splatters? No sweat! This board wipes clean in seconds, leaving you more time to savour the delicious results. Plus, its versatile size is perfect for everything from chopping veggies to kneading dough,cutting board set is easy to use",
      "Non-Slip Confidence: Our cutting board ensures a secure chopping experience with its non-slip design. No more sliding or wobbling – enjoy stability and confidence in every cut, making your cooking process smoother and safer.",
      "1-year warranty Built to endure the test of time, our cutting board comes with a heartening 1-year warranty. Chop away with confidence. If it happens to Any issues , worry not – we've got you covered with a straightforward replacement. Crafted with quality and backed by our commitment, it's not just a purchase; ITS the RIGHT INVESTMENT in lasting kitchen joy. We believe in our products, you experience the genuine difference. – because we stand by what we create."
    ],
    "amazonLink": "https://amzn.to/4gdvbSC",
    "category": "home-and-kitchen"
  },
  {
    "id": "ADBUCKS-Sweatshirts-for-Women-Stylish-Winter",
    "name": "ADBUCKS Sweatshirts for Women Stylish Winter",
    "price": 688,
    "description": "ADBUCKS Sweatshirts for Women Stylish Winter | Women Sweatshirt for Winter Stylish | Fleece Hoodie for Women | Winter Jacket Sweatshirts Zipper | Winter Sweater for Women Stylish ",
    "images": [
      "https://m.media-amazon.com/images/I/71JiFWRaPuS._SY679_.jpg",
      "https://m.media-amazon.com/images/I/41BVHnJwGZL._SY679_.jpg",
      "https://m.media-amazon.com/images/I/61qrbyVZ3NS._SY679_.jpg",
      "https://m.media-amazon.com/images/I/61CNCyHmD1S._SY679_.jpg",
      "https://m.media-amazon.com/images/I/51JAAWKwwNL._SY679_.jpg"
    ],
    "video": "https://github.com/ron131977/m3u8",
    "features": [
      "Material composition: 100% Cotton - Sleeve type: Long Sleeve - Neck style: Hooded Neck - Style: Casual - Country of Origin: India",
      "Colour : Material : 100% Premium Cotton",
      "Full Sleeve Women Hoodies",
      "Front Two pockets for your Convenience, Stylish Contrast Rib Available",
      "Cold Water Wash Only, Do Not Dry Clean,Hand Wash"
    ],
    "amazonLink": "https://amzn.to/4h9l965",
    "category": "fashion"
  },
  {
    "id": "Steelbird-SBA-7-7Wings-ISI-Certified-Flip-Up-Helmet",
    "name": "Steelbird SBA-7 7Wings ISI Certified Flip-Up Helmet",
    "price": 1516,
    "description": "Steelbird SBA-7 7Wings ISI Certified Flip-Up Helmet for Men and Women with Inner Smoke Sun Shield Outer Clear Visor ( Large 600 MM, Dashing Black )",
    "images": [
      "https://m.media-amazon.com/images/I/61SpcDjsq8L._SL1100_.jpg",
      "https://m.media-amazon.com/images/I/61LiSW8LxjL._SL1100_.jpg",
      "https://m.media-amazon.com/images/I/61NTLAdP84L._SL1100_.jpg",
      "https://m.media-amazon.com/images/I/61ha1Q6iwdL._SL1100_.jpg",
      "https://m.media-amazon.com/images/I/61wn7oPSLIL._SL1100_.jpg",
      "https://m.media-amazon.com/images/I/61CdQ3d17CL._SL1100_.jpg",
      "https://m.media-amazon.com/images/I/61zpsZBr96L._SL1100_.jpg"
    ],
    "video": "https://m.media-amazon.com/images/S/vse-vms-transcoding-artifact-eu-west-1-prod/676e99e2-dead-41b4-8061-9f0fa51893e9/default.jobtemplate.hls.m3u8",
    "features": [
      "Colour: Dashing Black - Brand: Steelbird - Vehicle Service Type: All Two wheeler vehicles - Item Weight: 1.2 Kilograms - Material: Polyurethane",
      "ISI Certified Graphics Helmet. High Impact Resistant Thermoplastic shell",
      "Breathable Padding with Neck Protector and Extra Comfort for long Drives. Italian Design Hygienic Interior with Multi pore for better Ventilation During Hot Weather."
    ],
    "amazonLink": "https://amzn.to/40PobqK",
    "category": "automotive"
  },
  {
    "id": "Dell-Inspiron-3530-Laptop",
    "name": "Dell Inspiron 3530 Laptop",
    "price": 68790,
    "description": "Dell Inspiron 3530 Laptop, 13th Generation Intel Core i7-1355U Processor, 16GB, 512GB, 15.6 (39.62cm) FHD 120Hz Display, Backlit KB, Windows 11 + MSO'21, 15 Month McAfee, Silver, Thin & Light-1.62kg",
    "images": [
      "https://m.media-amazon.com/images/I/71kQxWE4ZHL._SL1500_.jpg",
      "https://m.media-amazon.com/images/I/61uXQhbNmML._SL1080_.jpg",
      "https://m.media-amazon.com/images/I/61cbM95yWnL._SL1080_.jpg",
      "https://m.media-amazon.com/images/I/613Spym7-iL._SL1080_.jpg",
      "https://m.media-amazon.com/images/I/61ENUXXQLqL._SL1080_.jpg",
      "https://m.media-amazon.com/images/I/61DA+vo1X3L._SL1080_.jpg",
      "https://m.media-amazon.com/images/I/61TEmmVFT3L._SL1080_.jpg"
    ],
    "video": "https://m.media-amazon.com/images/S/vse-vms-transcoding-artifact-eu-west-1-prod/05ad722e-dcff-4784-9084-bd694a1feff6/default.jobtemplate.hls.m3u8",
    "features": [
      "Brand: Dell - Model Name: Inspiron - Screen Size: 15.6 Inches - Colour: Platinum Silver - Hard Disk Size: 512 GB - CPU Model: Core i7 - RAM Memory Installed Size: 16 GB - Operating System: Windows 11 Home - Special Feature: Backlit Keyboard - Graphics Card: Integrated",
      "Processor: Intel Core i7-1355U (up to 5.00 GHz, 10 Cores, 12MB Cache) // RAM: 16 GB, 2 x 8 GB, DDR4, 2666 MHz // Storage: 512GB SSD",
      "Software: Pre-Loaded Windows 11 Home with Lifetime Validity | MS Office Home and Student 2021 with lifetime validity| McAfee Multi Device",
      "Security 15-month subscription",
      "Display: 15.6\" FHD WVA AG 120Hz 250 nits Narrow Border // Keyboard: Backlit Keyboard",
      "Port: 1 USB 2.0 port, 1 Headset jack, 1 HDMI 1.4 port, 1 SD 3.0 card slot, 1 USB 3.2 Gen 1 port, USB 3.2 Gen 1 Type-C (data only)"
    ],
    "amazonLink": "https://amzn.to/4h8WlLz",
    "category": "computers"
  },
  {
    "id": "Dell-Smartchoice-G15-5530-Core-i5",
    "name": "Dell {Smartchoice} G15-5530 Core i5",
    "price": 77990,
    "description": "Dell {Smartchoice} G15-5530 Core i5-13450HX| NVIDIA RTX 3050, 6GB (16GB RAM|1TB SSD, FHD|Window 11|MS Office' 21|15.6\" (39.62cm)|Dark Shadow Grey|2.65Kg|Gaming Laptop",
    "images": [
      "https://m.media-amazon.com/images/I/61LOOMpEgxL._SL1080_.jpg",
      "https://m.media-amazon.com/images/I/615p7Wp3R7L._SL1080_.jpg",
      "https://m.media-amazon.com/images/I/61W39mttXAL._SL1080_.jpg",
      "https://m.media-amazon.com/images/I/61nWuLcf2GL._SL1080_.jpg",
      "https://m.media-amazon.com/images/I/613g5bNmzxL._SL1080_.jpg",
      "https://m.media-amazon.com/images/I/61zxDpZa-FL._SL1080_.jpg",
      "https://m.media-amazon.com/images/I/41JmR2pC1LL.jpg"
    ],
    "video": "https://m.media-amazon.com/images/S/vse-vms-transcoding-artifact-eu-west-1-prod/d1e09a1d-ffbd-4c8e-bde0-9c07c4664fb3/default.jobtemplate.hls.m3u8",
    "features": [
      "Brand: Dell - Model Name: Dell Laptop - Screen Size: 15.6 Inches - Colour: Dark Shadow Gray with Black thermal shelf - Hard Disk Size: 1 TB - CPU Model: Core i5 - RAM Memory Installed Size: 16 GB - Operating System: Windows 11 Home - Special Feature: Backlit Keyboard - Graphics Card: Integrated",
      "Processor: 13th Generation Intel Core i5-13450HX (up to 4.60 GHz, 10 Cores, 20MB); RAM & Storage: 16 GB: 2 x 8 GB, DDR5, 4800 MT/s & 1TB SSD",
      "Graphics & Display: NVIDIA GeForce RTX 3050, 6GB GDDR6 & 15.6\" FHD Narrow 120Hz 250 nits",
      "Keyboard: US English Orange Backlit Keyboard with Numeric Keypad and G-Key // Warranty: 1 Year Basic Onsite Service after remote diagnosis with Hardware-Only Support",
      "Ports: 1) HDMI 2.1, (3) SuperSpeed USB 3.2 Gen 1 Type-A, (1) USB-C 3.2 Gen 2 with Display Port Alt-Mode, (1) Headphone/Mic, (1) RJ45",
      "Model: New Dell Gaming G15"
    ],
    "amazonLink": "https://amzn.to/40x7Vt5",
    "category": "computers"
  },
  {
    "id": "Apple-iPhone-13-Midnight",
    "name": "Apple iPhone 13 - Midnight",
    "price": 43499,
    "description": "Apple iPhone 13 (128GB) - Midnight",
    "images": [
      "https://m.media-amazon.com/images/I/61VuVU94RnL._SL1500_.jpg",
      "https://m.media-amazon.com/images/I/61cecOpZrxL._SL1500_.jpg",
      "https://m.media-amazon.com/images/I/71SfvBP1gBL._SL1500_.jpg",
      "https://m.media-amazon.com/images/I/71G44HUh7yL._SL1500_.jpg",
      "https://m.media-amazon.com/images/I/818a-pz0BvL._SL1500_.jpg",
      "https://m.media-amazon.com/images/I/61YfilUZTUL._SL1500_.jpg"
    ],
    "video": "https://m.media-amazon.com/images/S/vse-vms-transcoding-artifact-eu-west-1-prod/9a59d7c4-aee2-401d-9c78-1cba70597351/default.jobtemplate.hls.m3u8",
    "features": [
      "Brand : Apple - Operating System: iOS 14 - Memory Storage Capacity: 128 GB - CPU Speed: 3.23 GHz.",
      "15 cm (6.1-inch) Super Retina XDR display",
      "Cinematic mode adds shallow depth of field and shifts focus automatically in your videos",
      "Advanced dual-camera system with 12MP Wide and Ultra Wide cameras; Photographic Styles, Smart HDR 4, Night mode, 4K Dolby Vision HDR recording",
      "12MP TrueDepth front camera with Night mode, 4K Dolby Vision HDR recording",
      "A15 Bionic chip for lightning-fast performance"
    ],
    "amazonLink": "https://amzn.to/4ge1SPY",
    "category": "smartphones"
  },
  {
    "id": "Appel-Touch-Mens-Cotton-Blend-Formal-Shirt-Half-Sleeves",
    "name": "Appel Touch Men's Cotton Blend Formal Shirt Half Sleeves",
    "price": 467,
    "description": "Appel Touch Men's Cotton Blend Formal Shirt Half Sleeves",
    "images": [
      "https://m.media-amazon.com/images/I/71Y9z75uzML._SX679_.jpg",
      "https://m.media-amazon.com/images/I/610pDTNWDKL._SX679_.jpg",
      "https://m.media-amazon.com/images/I/71mnEYS-PWL._SX679_.jpg",
      "https://m.media-amazon.com/images/I/71ghNqgnz5L._SX679_.jpg",
      "https://m.media-amazon.com/images/I/71I0eESNvUL._SX679_.jpg"
    ],
    "video": "https://m.media-amazon.com/images/S/vse-vms-transcoding-artifact-eu-west-1-prod/41a8fc21-81ae-4cd5-86e7-23549a57b5d0/default.jobtemplate.hls.m3u8",
    "features": [
      "Material composition: Cottonblend - Sleeve type: Half Sleeve - Pattern: Solid - Fit type: Regular Fit - Collar style: Classic Collar - Length: Standard Length - Country of Origin: India",
      "No Colour Loss",
      "No shrink After Wash",
      "One Pocket",
      "Colours Available"
    ],
    "amazonLink": "https://amzn.to/4h9l965",
    "category": "fashion"
  },
  {
    "id": "Amazon-Echo-Pop-Smart-speaker-with-Alexa-and-Bluetooth",
    "name": "Amazon Echo Pop | Smart speaker with Alexa and Bluetooth",
    "price": 4499,
    "description": "Amazon Echo Pop| Smart speaker with Alexa and Bluetooth| Loud sound, balanced bass, crisp vocals| Purple",
    "images": [
      "https://m.media-amazon.com/images/I/81aMuyDLANL._SL1500_.jpg",
      "https://m.media-amazon.com/images/I/61H16Iw9AYL._SL1000_.jpg",
      "https://m.media-amazon.com/images/I/71JP+LzV9SL._SL1500_.jpg",
      "https://m.media-amazon.com/images/I/71jaDM0PLpL._SL1500_.jpg",
      "https://m.media-amazon.com/images/I/71IH20Fp8KL._SL1500_.jpg",
      "https://m.media-amazon.com/images/I/81H6LF8hkYL._SL1500_.jpg",
      "https://m.media-amazon.com/images/I/61MBRY28h2L._SL1500_.jpg"
    ],
    "video": "https://m.media-amazon.com/images/S/vse-vms-transcoding-artifact-eu-west-1-prod/41463ec4-7231-4e79-b127-4feaf1a26525/default.jobtemplate.hls.m3u8",
    "features": [
      "Smart speaker with loud sound, balanced bass, crisp vocals and Alexa.",
      "Stylish design that blends into any decor.",
      "Available in 4 exciting colors (Black, White, Green, Purple).",
      "Play hands-free music from Amazon Music, Spotify, Jio Saavn, Apple Music. Just ask Alexa (some apps may require subscription).",
      "Voice control smart lights, ACs, TVs, geysers. Extend the experience to non-smart appliances using smart plugs (to be purchased separately).",
      "Ask Alexa to play nursery rhymes, set alarms, reminders and much more.",
      "Use as a standalone speaker or pair your phone to use as a Bluetooth speaker.",
      "Built with multiple layers of privacy controls, including a mic off button."
    ],
    "amazonLink": "https://amzn.to/4gkQPUR",
    "category": "electronics"
  },
  {
    "id": "Usha-Cookjoy-2000-Watt-Induction-Cooktop",
    "name": "Usha Cookjoy 2000 Watt Induction Cooktop",
    "price": 3678,
    "description": "Usha Cookjoy (Cj2000Wtc) 2000 Watt Induction Cooktop with Touch Control (Black), Sealed, 1 Burner",
    "images": [
      "https://m.media-amazon.com/images/I/61G3vMEMMXL._SL1500_.jpg",
      "https://m.media-amazon.com/images/I/71ejdcXs85L._SL1500_.jpg",
      "https://m.media-amazon.com/images/I/616P-UnqBXL._SL1500_.jpg",
      "https://m.media-amazon.com/images/I/31n0yu4V7IL.jpg"
    ],
    "video": "https://m.media-amazon.com/images/S/vse-vms-transcoding-artifact-eu-west-1-prod/cdcbd553-9237-4a13-9723-14c23c585178/default.jobtemplate.hls.m3u8",
    "features": [
      "Brand: USHA - Colour: Black - Material: Glass - Heating Elements: 1 - Special Feature: Electric",
      "Slim and Sleek Design with Convenient Touch Panel",
      "Keep Warm Function :- This will keep food warm and ready-to-eat after it has been cooked",
      "Pause :- Pause allows you cook at your own pace & Child Lock for safety",
      "8 Pre-set Indian menu & 24 Hours Timer , Auto switch to power saving mode to prevent overheating",
      "Pan sensor technology – operates only when Cookware is placed on, Flexible cord length 1.2 m and 10 Amp Plug with earthing for safety."
    ],
    "amazonLink": "https://amzn.to/4av9tbv",
    "category": "home-and-kitchen"
  }
]

