[
  {
    "id": "1",
    "name": "Amazon Echo Dot (5th Gen, 2022 release)",
    "price": 4999,
    "description": "Our best sounding Echo Dot yet - Enjoy an improved audio experience compared to any previous Echo Dot with clearer vocals, deeper bass and vibrant sound in any room.",
    "images": [
      "https://m.media-amazon.com/images/I/5108OEjU5+L._SY300_SX300_PQ10_.jpg",
      "https://m.media-amazon.com/images/I/61JhG2HKMCL._SX522_.jpg",
      "https://m.media-amazon.com/images/I/61WUyRyRRhL._SX522_.jpg"
    ],
    "video": "https://m.media-amazon.com/images/S/vse-vms-transcoding-artifact-eu-west-1-prod/53aef136-75f6-43ac-b5fc-bc61afdb114f/default.jobtemplate.hls720.m3u8",
    "features": [
      "Better audio experience with clearer vocals, deeper bass, and vibrant sound",
      "Alexa is always ready to help",
      "Control your smart home with your voice",
      "Designed to protect your privacy"
    ],
    "amazonLink": "https://www.amazon.com/dp/B09B8V1LZ3",
    "category": "electronics"
  },
  {
    "id": "2",
    "name": "Kindle Paperwhite (8 GB) – Now with a 6.8\" display and adjustable warm light",
    "price": 13999,
    "description": "Kindle Paperwhite – Now with a 6.8\" display and thinner borders, adjustable warm light, up to 10 weeks of battery life, and 20% faster page turns.",
    "images": [
      "https://m.media-amazon.com/images/I/61PJuPkVcTL._SX522_.jpg",
      "https://m.media-amazon.com/images/I/61LNnZPoKPS._SX522_.jpg",
      "https://m.media-amazon.com/images/I/61Ww4abGclL._SX522_.jpg"
    ],
    "video": "https://m.media-amazon.com/images/S/vse-vms-transcoding-artifact-eu-west-1-prod/e4567d45-5b44-4697-8329-2bcc4cd959c8/default.jobtemplate.hls720.m3u8",
    "features": [
      "Now with a 6.8\" display and thinner borders",
      "Adjustable warm light",
      "Up to 10 weeks of battery life",
      "20% faster page turns"
    ],
    "amazonLink": "https://www.amazon.com/dp/B08KTZ8249",
    "category": "electronics"
  },
  {
    "id": "3",
    "name": "Fire TV Stick 4K streaming device",
    "price": 4999,
    "description": "Our most powerful streaming stick - 40% more powerful than Fire TV Stick 4K, with faster app starts and more fluid navigation.",
    "images": [
      "https://m.media-amazon.com/images/I/61DtJCqYVZL._SX522_.jpg",
      "https://m.media-amazon.com/images/I/61MkiIMUSvL._SX522_.jpg",
      "https://m.media-amazon.com/images/I/51tvC5kHztL._SX522_.jpg"
    ],
    "video": "https://m.media-amazon.com/images/S/vse-vms-transcoding-artifact-eu-west-1-prod/d1f1a8d7-9d74-4d5c-9ffe-3a3a3b8f5c0f/default.jobtemplate.hls720.m3u8",
    "features": [
      "Cinematic experience - Watch in vibrant 4K Ultra HD with support for Dolby Vision, HDR, and HDR10+",
      "Home theater audio with Dolby Atmos - Feel scenes come to life with immersive Dolby Atmos audio",
      "Endless entertainment - Stream more than 1 million movies and TV episodes",
      "Live and free TV - Watch live TV, news, and sports with subscriptions to SLING TV, YouTube TV, and others"
    ],
    "amazonLink": "https://www.amazon.com/dp/B08XVYZ1Y5",
    "category": "electronics"
  },
  {
    "id": "4",
    "name": "Instant Pot Duo 7-in-1 Electric Pressure Cooker",
    "price": 7999,
    "description": "7-in-1 functionality: pressure cooker, slow cooker, rice cooker, yogurt maker, steamer, sauté pan, and food warmer",
    "images": [
      "https://m.media-amazon.com/images/I/71V1LrY1MSL._SX522_.jpg",
      "https://m.media-amazon.com/images/I/81-eZXNFe2L._SX522_.jpg",
      "https://m.media-amazon.com/images/I/81Xg9dVZKvL._SX522_.jpg"
    ],
    "video": "https://m.media-amazon.com/images/S/vse-vms-transcoding-artifact-eu-west-1-prod/e6a1f3d5-8a78-4a14-8dce-4b9f10c168e9/default.jobtemplate.hls720.m3u8",
    "features": [
      "7-in-1 functionality",
      "Easy to use control panel",
      "14 one-touch smart programs",
      "Stainless steel inner pot"
    ],
    "amazonLink": "https://www.amazon.com/dp/B00FLYWNYQ",
    "category": "home-and-kitchen"
  },
  {
    "id": "5",
    "name": "Levi's Men's 501 Original Fit Jeans",
    "price": 5999,
    "description": "The original blue jean since 1873, Levi's iconic 501 is a cultural classic.",
    "images": [
      "https://m.media-amazon.com/images/I/91WY6Oo-3vL._SX522_.jpg",
      "https://m.media-amazon.com/images/I/91L3Lz8LHHL._SX522_.jpg",
      "https://m.media-amazon.com/images/I/81Zt0OPnOBL._SX522_.jpg"
    ],
    "video": "https://m.media-amazon.com/images/S/vse-vms-transcoding-artifact-eu-west-1-prod/a7f42442-2b30-4578-9c0f-6df8e6d2a95b/default.jobtemplate.hls720.m3u8",
    "features": ["100% Cotton", "Button closure", "Straight leg", "Mid rise"],
    "amazonLink": "https://www.amazon.com/dp/B0018OLTAC",
    "category": "fashion"
  }
]

